前排主驾中配,2ZJ4,6,前排插头,中配主驾驶座椅总成-烟茶色,列6,列7,列8,1,列10,列11,列12,列13,列14,列15,列16
前排副驾低配,2ZJB,6,前排插头,低配副驾驶座椅总成-砂石灰,,,,1,,,,,,,
前排副驾中配,2ZJD,6,前排插头,中配副驾驶座椅总成-烟茶色,,,,1,,,,,,,
前排副驾高配,2ZJH,6,前排插头,高配副驾驶座椅总成-砂石灰,,,,1,,,,,,,
前排主驾高配,2ZJ7,6,前排插头,高配主驾驶座椅总成-烟茶色,,,,1,,,,,,,
前排主驾高配,2ZJ8,6,前排插头,高配主驾驶座椅总成-砂石灰,,,,1,,,,,,,
前排主驾中配,2ZJ5,6,前排插头,中配主驾驶座椅总成-砂石灰,,,,1,,,,,,,
前排主驾低配,2ZJ1,6,前排插头,低配主驾驶座椅总成-烟茶色,,,,1,,,,,,,
前排副驾中配,2ZJE,6,前排插头,中配副驾驶座椅总成-砂石灰,,,,1,,,,,,,
前排副驾低配,2ZJA,6,二排插头,低配副驾驶座椅总成-烟茶色,,,,1,,,,,,,
二排左低配,2ZJL,6,前排插头,中排左座椅总成-砂石灰-低配,,,,2,,,,,,,
二排左中配,2ZJN,6,前排插头,中排左座椅总成-烟茶色-中配,,,,2,,,,,,,
二排左低配,2ZJK,6,前排插头,中排左座椅总成-烟茶色-低配,,,,2,,,,,,,
二排右中配,2ZJY,6,前排插头,中排右座椅总成-砂石灰-中配,,,,2,,,,,,,
二排右中配,2ZJX,6,前排插头,中排右座椅总成-烟茶色-中配,,,,2,,,,,,,
二排右高配,2ZK0,6,前排插头,中排右座椅总成-烟茶色-高配,,,,2,,,,,,,
二排右低配,2ZJV,6,前排插头,中排右座椅总成-砂石灰-低配,,,,2,,,,,,,
二排左高配,2ZJS,6,前排插头,中排左座椅总成-砂石灰-高配,,,,2,,,,,,,
二排左高配,2ZJR,6,二排插头,中排左座椅总成-烟茶色-高配,,,,2,,,,,,,
二排右高配,2ZK1,6,二排插头,中排右座椅总成-砂石灰-高配,,,,2,,,,,,,
前排主驾低配,2ZJ2,6,二排插头,低配主驾驶座椅总成-砂石灰,,,,1,,,,,,,
前排副驾高配,2ZJG,6,二排插头,高配副驾驶座椅总成-烟茶色,,,,1,,,,,,,
二排左中配,2ZJP,6,二排插头,中排左座椅总成-砂石灰-中配,,,,2,,,,,,,
二排右低配,2ZJU,6,二排插头,中排右座椅总成-烟茶色-低配,,,,2,,,,,,,
前排主驾中配,418S,6,二排插头,中配主驾驶座椅总成-,,,,1,,,,,,,
前排主驾高配,4190,6,二排插头,高配主驾驶座椅总成-,,,,1,,,,,,,
前排主驾低配,4193,6,二排插头,低配主驾驶座椅总成-,,,,1,,,,,,,
前排副驾低配,418P,6,二排插头,低配副驾驶座椅总成-,,,,1,,,,,,,
前排副驾中配,4.10E+08,6,二排插头,中配副驾驶座椅总成-,,,,1,,,,,,,
二排左低配,418Y,6,二排插头,中排-低配左座椅总成-,,,,2,,,,,,,
前排副驾高配,4191,6,二排插头,高配副驾驶座椅总成-,,,,1,,,,,,,
二排左中配,4198,6,二排插头,中排-中配左座椅总成-,,,,2,,,,,,,
二排左高配,419F,6,二排插头,中排-高配左座椅总成-,,,,2,,,,,,,
二排右中配,419D,6,二排插头,中排-中配右座椅总成-,,,,2,,,,,,,
二排右低配,419L,6,二排插头,中排-低配右座椅总成-,,,,2,,,,,,,
二排右高配,419P,6,二排插头,中排-高配右座椅总成-,,,,2,,,,,,,0
中排左,,,,,,,,,,,,,,,
中排右,,,,,,,,,,,,,,,
二排左高配,19027774,9,二排插头,,,,,,,,,,,,
二排左低配,19027773,9,二排插头,,,,,,,,,,,,
二排右高配,19027776,9,二排插头,,,,,,,,,,,,
二排右低配,19027775,9,二排插头,,,,,,,,,,,,
舒适燃油主驾,,,,,,,,,,,,,,,
舒适燃油副驾,,,,,,,,,,,,,,,
三排,,,,,,,,,,,,,,,
SZ三排中配,1,1,,,,,,,,,,,,,
SZ三排高配,2,2,,,,,,,,,,,,,
SZ三排低配,3,3,,,,,,,,,,,,,
SZ三排,,,,,,,,,,,,,,,
前排主驾低配,19027769,9,前排插头,前排主驾低配,,,,,,,,,,,
前排主驾高配,19027770,9,前排插头,前排主驾高配,,,,,,,,,,,
前排副驾低配,19027771,9,前排插头,前排副驾低配,,,,,,,,,,,
前排副驾高配,19027772,9,前排插头,前排副驾高配,,,,,,,,,,,
